partNumber,name,category,sourceCategory,material
dupfig0001pr0001,"Duplo 2 x 2 x 2 Figure Brick Early, Dog, White Head, Looking Left Print",special,"Non-Buildable Figures (Duplo, Fabuland, etc)",Plastic
dupfig0001pr0002,"Duplo 2 x 2 x 2 Figure Brick Early, Dog, White Head, Looking Right Print",special,"Non-Buildable Figures (Duplo, Fabuland, etc)",Plastic
dupfig0002pr0001,"Duplo 2 x 2 x 2 Figure Brick Early, Police Hat Black, Wide Smile Print",special,"Non-Buildable Figures (Duplo, Fabuland, etc)",Plastic
dupfig0002pr0002,"Duplo 2 x 2 x 2 Figure Brick Early, Police Hat Green, Moustache Print",special,"Non-Buildable Figures (Duplo, Fabuland, etc)",Plastic
dupfig0002pr0003,"Duplo 2 x 2 x 2 Figure Brick Early, Police Hat Blue, Moustache Print",special,"Non-Buildable Figures (Duplo, Fabuland, etc)",Plastic
dupfig0002pr0004,"Duplo 2 x 2 x 2 Figure Brick Early, Police Hat Black, Small Smile Print",special,"Non-Buildable Figures (Duplo, Fabuland, etc)",Plastic
dupfig0002pr0005,"Duplo 2 x 2 x 2 Figure Brick Early, Police Hat Blue, Wide Smile Print",special,"Non-Buildable Figures (Duplo, Fabuland, etc)",Plastic
dupfig0002pr0006,"Duplo 2 x 2 x 2 Figure Brick Early, Police Hat Red, Wide Smile Print",special,"Non-Buildable Figures (Duplo, Fabuland, etc)",Plastic
dupfig0003pr0001,"Duplo 2 x 2 x 2 Figure Brick Early, Sailor Hat Blue, Freckles Print",special,"Non-Buildable Figures (Duplo, Fabuland, etc)",Plastic
dupfig0004pr0001,"Duplo 2 x 2 x 2 Figure Brick Early, Aviator Hat Brown, Moustache Print",special,"Non-Buildable Figures (Duplo, Fabuland, etc)",Plastic
dupfig0004pr0002,"Duplo 2 x 2 x 2 Figure Brick Early, Aviator Hat Brown, Looking Straight Print",special,"Non-Buildable Figures (Duplo, Fabuland, etc)",Plastic
dupfig0004pr0003,"Duplo 2 x 2 x 2 Figure Brick Early, Aviator Hat Brown, Looking Left Print",special,"Non-Buildable Figures (Duplo, Fabuland, etc)",Plastic
dupfig0005pr0001,"Duplo 2 x 2 x 2 Figure Brick Early, Cowboy Hat Fabuland Brown, Looking Left Print",special,"Non-Buildable Figures (Duplo, Fabuland, etc)",Plastic
dupfig0005pr0002,"Duplo 2 x 2 x 2 Figure Brick Early, Cowboy Hat Fabuland Brown, Looking Right Print",special,"Non-Buildable Figures (Duplo, Fabuland, etc)",Plastic
dupfig0005pr0003,"Duplo 2 x 2 x 2 Figure Brick Early, Cowboy Hat Light Gray, Looking Left Print",special,"Non-Buildable Figures (Duplo, Fabuland, etc)",Plastic
dupfig0006pr0001,"Duplo 2 x 2 x 2 Figure Brick Early, Chef Hat White, Mustache Print",special,"Non-Buildable Figures (Duplo, Fabuland, etc)",Plastic
dupfig0007pr0001,"Duplo 2 x 2 x 2 Figure Brick Early, Bowler Hat Yellow",special,"Non-Buildable Figures (Duplo, Fabuland, etc)",Plastic
dupfig0007pr0002,"Duplo 2 x 2 x 2 Figure Brick Early, Bowler Hat Black",special,"Non-Buildable Figures (Duplo, Fabuland, etc)",Plastic
dupfig0008pr0001,"Duplo 2 x 2 x 2 Figure Brick Early, Cat, White Head, White Hair with Ears, Cat Face Print",special,"Non-Buildable Figures (Duplo, Fabuland, etc)",Plastic
dupfig0009pr0001,"Duplo 2 x 2 x 2 Figure Brick Early, Short Spiky Hair Brown, Freckles Print",special,"Non-Buildable Figures (Duplo, Fabuland, etc)",Plastic
dupfig0009pr0002,"Duplo 2 x 2 x 2 Figure Brick Early, Short Spiky Hair Red, Nose Freckles Print",special,"Non-Buildable Figures (Duplo, Fabuland, etc)",Plastic
dupfig0009pr0003,"Duplo 2 x 2 x 2 Figure Brick Early, Short Spiky Hair Red, Cheek Freckles Print",special,"Non-Buildable Figures (Duplo, Fabuland, etc)",Plastic
dupfig0009pr0004,"Duplo 2 x 2 x 2 Figure Brick Early, Short Spiky Hair Brown, Cheek Freckles Print",special,"Non-Buildable Figures (Duplo, Fabuland, etc)",Plastic
dupfig0009pr0005,"Duplo 2 x 2 x 2 Figure Brick Early, Short Spiky Hair Red, Clown Make-up Print",special,"Non-Buildable Figures (Duplo, Fabuland, etc)",Plastic
dupfig0010pr0001,"Duplo 2 x 2 x 2 Figure Brick Early, Helmet Red, Smile Print",special,"Non-Buildable Figures (Duplo, Fabuland, etc)",Plastic
dupfig0010pr0002,"Duplo 2 x 2 x 2 Figure Brick Early, Helmet Red, Moustache Print",special,"Non-Buildable Figures (Duplo, Fabuland, etc)",Plastic
dupfig0011pr0001,"Duplo 2 x 2 x 2 Figure Brick Early, Long Swept Hair Light Gray, Glasses Print",special,"Non-Buildable Figures (Duplo, Fabuland, etc)",Plastic
dupfig0011pr0002,"Duplo 2 x 2 x 2 Figure Brick Early, Long Swept Hair Brown, Eyelashes Print",special,"Non-Buildable Figures (Duplo, Fabuland, etc)",Plastic
dupfig0011pr0003,"Duplo 2 x 2 x 2 Figure Brick Early, Long Swept Hair Fabuland Brown, Eyelashes Print",special,"Non-Buildable Figures (Duplo, Fabuland, etc)",Plastic
dupfig0011pr0004,"Duplo 2 x 2 x 2 Figure Brick Early, Long Swept Hair Black, Eyelashes, Looking Straight Print",special,"Non-Buildable Figures (Duplo, Fabuland, etc)",Plastic
dupfig0011pr0005,"Duplo 2 x 2 x 2 Figure Brick Early, Long Swept Hair Black, Eyelashes, Looking Right Print",special,"Non-Buildable Figures (Duplo, Fabuland, etc)",Plastic
dupfig0012pr0001,"Duplo 2 x 2 x 2 Figure Brick Early, Straight Hair Earth Orange Hair, Nose Freckles Print",special,"Non-Buildable Figures (Duplo, Fabuland, etc)",Plastic
dupfig0012pr0002,"Duplo 2 x 2 x 2 Figure Brick Early, Straight Hair Yellow, Nose Freckles Print",special,"Non-Buildable Figures (Duplo, Fabuland, etc)",Plastic
dupfig0013pr0001,"Duplo 2 x 2 x 2 Figure Brick Early, Neat Hair Black, Mustache Print",special,"Non-Buildable Figures (Duplo, Fabuland, etc)",Plastic
dupfig0013pr0002,"Duplo 2 x 2 x 2 Figure Brick Early, Neat Hair Black, Wide Smile Print",special,"Non-Buildable Figures (Duplo, Fabuland, etc)",Plastic
dupfig0016,Duplo Figure Piglet on Balloon (Old Style),special,"Non-Buildable Figures (Duplo, Fabuland, etc)",Plastic
dupfig0017,"Duplo Figure Bear, with Red Shirt Print (Winnie the Pooh)",special,"Non-Buildable Figures (Duplo, Fabuland, etc)",Plastic
dupfig0018,Duplo Figure with Black Tiger Stripes Print (Tigger),special,"Non-Buildable Figures (Duplo, Fabuland, etc)",Plastic
dupfig5473,"Duplo Figure Dora the Explorer, with Pink Shirt, Orange Shorts, and Purple Backpack Print",special,"Non-Buildable Figures (Duplo, Fabuland, etc)",Plastic
dupupn0002pr0001,"Duplo Animal Chicken / Hen with Yellow Beak, and Red Comb, No Base [Old Style]",bricks,"Duplo, Quatro and Primo",Plastic
dupupn0006c01,Duplo Airplane Small Wings on Bottom with Yellow Wheels and Propeller,bricks,"Duplo, Quatro and Primo",Plastic
dupupn0006c02,Duplo Airplane Small Wings on Bottom with Red Wheels and Propeller,bricks,"Duplo, Quatro and Primo",Plastic
dupupn0009,Duplo Cone 2 x 2 x 1,bricks,"Duplo, Quatro and Primo",Plastic
dupupn0012,Duplo Chair with Rail Back and No Studs,bricks,"Duplo, Quatro and Primo",Plastic
dupupn0013c01pr0001,Duplo Car Formula One with Yellow Base and Yellow Number 1 Print,bricks,"Duplo, Quatro and Primo",Plastic
dupupn0013c02pr0001,Duplo Car Formula One with Blue Bottom and Yellow Number 2 Print,bricks,"Duplo, Quatro and Primo",Plastic
dupupn0013c02pr0001a,"Duplo Car Formula One with One Stud in Cab, Blue Bottom and Yellow Number 2 Print",bricks,"Duplo, Quatro and Primo",Plastic
dupupn0013c03pr0001,Duplo Car Formula One with Red Base and Yellow Number 1 Print,bricks,"Duplo, Quatro and Primo",Plastic
dupupn0014,"Duplo Tile, Modified 2 x 4 Half Circle",bricks,"Duplo, Quatro and Primo",Plastic
dupupn0015,"Duplo Building, House 12 x 12 with Doors and Fixed Windows, and Handles",bricks,"Duplo, Quatro and Primo",Plastic
dupupn0017,Duplo Car Body (Old Style),bricks,"Duplo, Quatro and Primo",Plastic
dupupn0017pr0001,Duplo Car Body (Old Style) with '1' in Circle Print,bricks,"Duplo, Quatro and Primo",Plastic
dupupn0017pr0002,Duplo Car Body (Old Style) with Blue Horseshoe Print,bricks,"Duplo, Quatro and Primo",Plastic
dupupn0017pr0003,Duplo Car Body (Old Style) with Starfish Print,bricks,"Duplo, Quatro and Primo",Plastic
dupupn0018,Duplo Bed 2 x 4 (Old Style),bricks,"Duplo, Quatro and Primo",Plastic
dupupn0018pr0001,Duplo Bed 2 x 4 with Moon and Cloud Print (Old Style),bricks,"Duplo, Quatro and Primo",Plastic
dupupn0019,Duplo Boat with 12 Studs,bricks,"Duplo, Quatro and Primo",Plastic
dupupn0019pr0001,Duplo Boat with 12 Studs and Anchor Print,bricks,"Duplo, Quatro and Primo",Plastic
dupupn0020,"Duplo Car Base 2 x 6 Pullback Motor with Yellow Wheels, Black Tires",bricks,"Duplo, Quatro and Primo",Plastic
dupupn0021,Duplo Car Body Tractor,bricks,"Duplo, Quatro and Primo",Plastic
dupupn0021pr0001,Duplo Tractor Body with Grille Print,bricks,"Duplo, Quatro and Primo",Plastic
dupupn0022pr0001,"Duplo Brick with Working Ringer Button on Curved Top, Cash Register Print",bricks,"Duplo, Quatro and Primo",Plastic
dupupn0022pr0002,"Duplo Brick with Working Ringer Button on Curved Top, Orange Alarm Bell Print",bricks,"Duplo, Quatro and Primo",Plastic
dupupn0022pr0003,"Duplo Brick with Working Ringer Button on Curved Top, Silver Alarm Bell Print",bricks,"Duplo, Quatro and Primo",Plastic
dupupn0023,Duplo Panel 4 x 2 x 3,bricks,"Duplo, Quatro and Primo",Plastic
dupupn0024,Duplo Shopping Cart / Trolley 2 x 3,bricks,"Duplo, Quatro and Primo",Plastic
dupupn0025,Duplo Tile 2 x 4,bricks,"Duplo, Quatro and Primo",Plastic
dupupn0026,"Duplo Plow, Roller Attachment / Disk",bricks,"Duplo, Quatro and Primo",Plastic
dupupn0028c03pr0001,Duplo Animal Lion Adult Male,bricks,"Duplo, Quatro and Primo",Plastic
dupupn0029c01,"Duplo Gas / Fuel / Petrol Pump, White",bricks,"Duplo, Quatro and Primo",Plastic
dupupn0029c02,"Duplo Gas / Fuel / Petrol Pump, Red",bricks,"Duplo, Quatro and Primo",Plastic
dupupn0029c03,"Duplo Gas / Fuel / Petrol Pump, Blue",bricks,"Duplo, Quatro and Primo",Plastic
dupupn0030,"Duplo Animal Bear, Moveable Head",bricks,"Duplo, Quatro and Primo",Plastic
dupupn0031,"Duplo Horse Blanket, with Hole in the Center",bricks,"Duplo, Quatro and Primo",Cloth
dupupn0033pr0001,"Duplo Toolo MyBot, Vehicle Body",bricks,"Duplo, Quatro and Primo",Plastic
dupupn0035,Duplo Toolo Arm 2 x 6 with Triangular Set Screw and Clip Ends and Clip on Top,bricks,"Duplo, Quatro and Primo",Plastic
dupupn0037,Duplo Car Body Wagon with Horseshoe and Rope Print,bricks,"Duplo, Quatro and Primo",Plastic
dupupn0038,Duplo Car Body Grocery Truck with Can and Bottle Print,bricks,"Duplo, Quatro and Primo",Plastic
dupupn0041,"Duplo Desk, Classroom 2 x 3 (Old Style)",bricks,"Duplo, Quatro and Primo",Plastic
dupupn0043,Duplo Door 1 x 4 x 5 with Porthole and 7 Vertical Grooves,bricks,"Duplo, Quatro and Primo",Plastic
dupupn0044,"Duplo Animal Chicken / Rooster, Large Tail, Lobe Comb, with Stud Holder on Bottom, without Base",bricks,"Duplo, Quatro and Primo",Plastic
dupupn0045,Duplo Ladder 4 Rungs,bricks,"Duplo, Quatro and Primo",Plastic
dupupn0046,Duplo Brick 2 x 2 with Small Center Hole (For Pull Toy),bricks,"Duplo, Quatro and Primo",Plastic
dupupn0047c94,"Duplo String, Cord Thick Flat (2mm x 4mm) 94cm",bricks,"Duplo, Quatro and Primo",Cloth
dupupn0047c95,"Duplo String, Cord Thick Flat (2mm) 95cm",bricks,"Duplo, Quatro and Primo",Cloth
dupupn0048,Duplo Door / Window Frame Flat Front Surface without Clips,bricks,"Duplo, Quatro and Primo",Plastic
dupupn0049c01pr0001,Duplo Animal Head Bunny / Rabbit Head with Whiskers Print,bricks,"Duplo, Quatro and Primo",Plastic
dupupn0049c01pr0002,Duplo Animal Head Bunny / Rabbit with Round Eyes and No Whiskers,bricks,"Duplo, Quatro and Primo",Plastic
dupupn0049c02pr0001,"Duplo Animal Head with Brown Hair, Barnaby Bear with Large Nose Print",bricks,"Duplo, Quatro and Primo",Plastic
dupupn0049c02pr0002,"Duplo Animal Head with Brown Hair, Barnaby Bear with Small Nose Print",bricks,"Duplo, Quatro and Primo",Plastic
dupupn0049c03pr0001,"Duplo Head with Red Hair, no Freckles",bricks,"Duplo, Quatro and Primo",Plastic
dupupn0049c03pr0002,Duplo Head Brick with Red Hair and Freckles,bricks,"Duplo, Quatro and Primo",Plastic
dupupn0049c04pr0001,"Duplo Head Brick with Black Male Hair, Freckles and Eyes Looking Right",bricks,"Duplo, Quatro and Primo",Plastic
dupupn0049c05pr0001,"Duplo Animal Head with Nougat Hair, Bear / Dog with Face print",bricks,"Duplo, Quatro and Primo",Plastic
dupupn0049c06pr0001,"Duplo Animal Head with Orange Hair, Bear / Dog with Red Tongue print",bricks,"Duplo, Quatro and Primo",Plastic
dupupn0049c07pr0001,"Duplo Animal Head Cat, Oblong Eyes",bricks,"Duplo, Quatro and Primo",Plastic
dupupn0049c07pr0002,"Duplo Animal Head Cat, Round Eyes",bricks,"Duplo, Quatro and Primo",Plastic
dupupn0049c08pr0001,Duplo Head Brick 2 x 4 x 3 with Red Male Hair and Freckle Nose Print,bricks,"Duplo, Quatro and Primo",Plastic
dupupn0053,Duplo Rattle Rabbit with Eyes Print,bricks,"Duplo, Quatro and Primo",Plastic
dupupn0057c01,Duplo Rattle Oval with Yellow and Green Ball Wheel,bricks,"Duplo, Quatro and Primo",Plastic
dupupn0057c02,Duplo Rattle Oval with Red and Blue Ball Wheel,bricks,"Duplo, Quatro and Primo",Plastic
dupupn0057c03,Duplo Rattle Oval with Yellow and Red Ball Wheel,bricks,"Duplo, Quatro and Primo",Plastic
dupupn0058,"Duplo Rattle, Duck with Handles and Yellow and Blue Ball Wheel",bricks,"Duplo, Quatro and Primo",Plastic
dupupn0059,Duplo Rattle Octopus with Three Yellow and Blue Ball Wheels Face Print,bricks,"Duplo, Quatro and Primo",Plastic
dupupn0060,Duplo Propeller / Rotor 3 Blade for Helicopter (Old Style),bricks,"Duplo, Quatro and Primo",Plastic
dupupn0061,"Duplo Rattle Square, with Blue Wheel with Red Flower",bricks,"Duplo, Quatro and Primo",Plastic
dupupn0062c01,Duplo Brick 2 x 4 x 2 with Green Ball in Yellow Rattle,bricks,"Duplo, Quatro and Primo",Plastic
dupupn0062c02,Duplo Brick 2 x 4 x 2 with Yellow Switch and Yellow and Red Rotating Wheel,bricks,"Duplo, Quatro and Primo",Plastic
dupupn0062c03,Duplo Brick 2 x 4 x 2 with Black in Yellow Eyes and White Mouth,bricks,"Duplo, Quatro and Primo",Plastic
dupupn0062c04,"Duplo Brick 2 x 4 x 2 with Dog Face, Rotating Eyes with Open / Closed Print",bricks,"Duplo, Quatro and Primo",Plastic
dupupn0062c05,Duplo Brick 2 x 4 x 2 with Face with Freckles in Yellow Rotating Drum,bricks,"Duplo, Quatro and Primo",Plastic
dupupn0062c06,Duplo Brick 2 x 4 x 2 with Rotating Wheel with White and Red Spiral Print,bricks,"Duplo, Quatro and Primo",Plastic
dupupn0063pr0001,Duplo Animal Fish Large with Black Eyes Print,bricks,"Duplo, Quatro and Primo",Plastic
dupupn0068,"Duplo Panel 1 x 6 x 4, Slide Holder",bricks,"Duplo, Quatro and Primo",Plastic
dupupn0069,Duplo Rattle Squirrel with Yellow and Blue Rotating Ball,bricks,"Duplo, Quatro and Primo",Plastic
dupupn0071pr0001,Duplo Helicopter Body with Fixed Skids and Life Preserver Print,bricks,"Duplo, Quatro and Primo",Plastic
dupupn0071pr0002,Duplo Helicopter Body with Fixed Skids and Sun Print,bricks,"Duplo, Quatro and Primo",Plastic
dupupn0072,Duplo Boat 8 x 15 with White Deck with Studs,bricks,"Duplo, Quatro and Primo",Plastic
dupupn0073pr0001,"Duplo Animal Chicken / Hen / Rooster with Yellow Beak, and Red Comb and Tail, No Base [Old Style]",bricks,"Duplo, Quatro and Primo",Plastic
dupupn0077,Duplo Dungarees,bricks,"Duplo, Quatro and Primo",Cloth
dupupn0078c01,Duplo Car Base with Six Wheels and 2 x 10 Studs with Yellow Fender,bricks,"Duplo, Quatro and Primo",Plastic
dupupn0078c02,Duplo Car Base with Six Wheels and 2 x 10 Studs with Red Fender,bricks,"Duplo, Quatro and Primo",Plastic
dupupn0080,"Duplo Airplane Wheel with 4 Studs, with Two Wheels and Hitch",bricks,"Duplo, Quatro and Primo",Plastic
dupupn0081,"Duplo Animal Horse with Four Studs, Movable Head and Tail",bricks,"Duplo, Quatro and Primo",Plastic
dupupn0082,Duplo Rattle Oblong with 2 Red and Blue Wheels and 1 Red and Blue Ball Wheel at Front,bricks,"Duplo, Quatro and Primo",Plastic
dupupn0085c01,Duplo Rattle Fish with Yellow Horizontal Wheel,bricks,"Duplo, Quatro and Primo",Plastic
dupupn0085c02,Duplo Rattle Fish with Blue Horizontal Wheel,bricks,"Duplo, Quatro and Primo",Plastic
dupupn0087pr0001,Duplo Car Body Truck with Crane Print,bricks,"Duplo, Quatro and Primo",Plastic
dupupn0087pr0002,Duplo Car Body Truck with Fire Hose Print,bricks,"Duplo, Quatro and Primo",Plastic
dupupn0088pr0001,Duplo Car Body School Bus with Books and Bag Print,bricks,"Duplo, Quatro and Primo",Plastic
dupupn0089c01,Duplo Rattle Rocking Bottom with Red and Blue Wheels,bricks,"Duplo, Quatro and Primo",Plastic
dupupn0089c02,Duplo Rattle Rocking Bottom with Yellow and Blue Wheels,bricks,"Duplo, Quatro and Primo",Plastic
dupupn0100,Duplo Slide [Plain],bricks,"Duplo, Quatro and Primo",Cardboard/Paper
dupupn0100pr0001,Duplo Slide Chalk Board Print,bricks,"Duplo, Quatro and Primo",Cardboard/Paper
dupupn0100pr0002,Duplo Slide Animals Print,bricks,"Duplo, Quatro and Primo",Cardboard/Paper
dupupn0100pr0003,"Duplo Slide Bird House, Bird, Flower and Insects Print",bricks,"Duplo, Quatro and Primo",Cardboard/Paper
dupupn0100pr0004,Duplo Slide with Bears in a Car Print,bricks,"Duplo, Quatro and Primo",Cardboard/Paper
dupupn0100pr0005,Duplo Slide with Musical Instruments Print,bricks,"Duplo, Quatro and Primo",Cardboard/Paper
dupupn0100pr0006,Duplo Slide with Tools Print,bricks,"Duplo, Quatro and Primo",Cardboard/Paper
dupupn0101c01,Duplo Rattle 2 x 6 x 3 with Handle and Yellow Duck Face,bricks,"Duplo, Quatro and Primo",Plastic
dupupn0101c02,Duplo Rattle 2 x 6 x 3 with Handle and Red Duck Face,bricks,"Duplo, Quatro and Primo",Plastic
dupupn0105c01,Duplo Rattle Circular with Yellow/Blue Wheels,bricks,"Duplo, Quatro and Primo",Plastic
dupupn0105c02,Duplo Rattle Circular with Red/Blue Wheels,bricks,"Duplo, Quatro and Primo",Plastic
dupupn0106,Duplo Bunny/Rabbit Plush,technic,Gear Parts,Cloth
dupupn0107,Duplo Hook with Crossbar,bricks,"Duplo, Quatro and Primo",Plastic
dupupn0108,"Duplo Van, with White Base, Yellow Hubs, and 'POLICE' Print",bricks,"Duplo, Quatro and Primo",Plastic
dupupn0109c01,"Duplo Rattle Float, with 2 Yellow Wheels and 2 Red Knobs",bricks,"Duplo, Quatro and Primo",Plastic
dupupn0110c01,Duplo Rattle Oval with Blue and Yellow Wheel,bricks,"Duplo, Quatro and Primo",Plastic
dupupn0115,"Duplo Playmat, Round, Circus Ring",bricks,"Duplo, Quatro and Primo",Cardboard/Paper
dupupn0117c01,Jumbo Brick Vehicle Base 4 x 8 with Red Wheels,bricks,"Duplo, Quatro and Primo",Plastic
dupupn0118,Duplo Door 1 x 4 x 1,bricks,"Duplo, Quatro and Primo",Plastic
dupupn0118pr0001,Duplo Door 1 x 4 x 1 with Yellow 'EXPRESS' Print,bricks,"Duplo, Quatro and Primo",Plastic
dupupn0118pr0002,Duplo Door 1 x 4 x 1 with Red 'POST-MAIL' Print,bricks,"Duplo, Quatro and Primo",Plastic
dupupn0118pr0003,Duplo Door 1 x 4 x 1 with Black 'TAXI' Print,bricks,"Duplo, Quatro and Primo",Plastic
dupupn0118pr0004,Duplo Door 1 x 4 x 1 with Yellow 'CAMPING' Print,bricks,"Duplo, Quatro and Primo",Plastic
dupupn0118pr0005,Duplo Door 1 x 4 x 1 with Yellow POLICE Print [522],bricks,"Duplo, Quatro and Primo",Plastic
dupupn0119,Duplo Door / Window with Four Windows Narrow,bricks,"Duplo, Quatro and Primo",Plastic
dupupn0119pr0001,Duplo Door / Window with Four Windows Narrow and 'MARY' Print,bricks,"Duplo, Quatro and Primo",Plastic
dupupn0120,"Book, Duplo, Let's Go! Vroom!",bricks,"Duplo, Quatro and Primo",Cardboard/Paper
dupupn0121,"Book, Duplo, Busy Farm",bricks,"Duplo, Quatro and Primo",Cardboard/Paper
dupupn0122,"Book, Duplo, Grow Caterpillar Grow!",bricks,"Duplo, Quatro and Primo",Cardboard/Paper
dupupn0123,Duplo Push-Button Telephone Brick with Ear / Mouthpiece (For Humans),bricks,"Duplo, Quatro and Primo",Plastic
dupupn0123a,Duplo Push-Button Telephone Brick,bricks,"Duplo, Quatro and Primo",Plastic
dupupn0123b,Telephone Ear / Mouthpiece,bricks,"Duplo, Quatro and Primo",Plastic
dupupn0125,Duplo Car Base 4 x 8 x 1/3 with Old Style Closed Hitch End,bricks,"Duplo, Quatro and Primo",Plastic
dupupn0127,Duplo Brick Arch Half 2 x 3 x 3,bricks,"Duplo, Quatro and Primo",Plastic
dupupn0135,Duplo Bag with Double Ended Arrow,bricks,"Duplo, Quatro and Primo",Cloth
dupupn0137,Duplo Playmat Shape Sorter,bricks,"Duplo, Quatro and Primo",Plastic
dupupn0140,"Duplo Storage, Rabbit / Bunny Plush Bag",bricks,"Duplo, Quatro and Primo",Cloth
dupupn0142,"Book, Duplo, Tom's Adventure",technic,Gear Parts,Cardboard/Paper
dupupn0143,"Book, Duplo, A Fairy Tale - Read and Build",technic,Gear Parts,Plastic
dupupn0144,"Book, Duplo, Peekaboo Jungle",technic,Gear Parts,Cardboard/Paper
dupupn0145pr0001,"Activity Card, For Set 9055-1 - Crocodile",technic,Gear Parts,Cardboard/Paper
dupupn0145pr0002,"Activity Card, For Set 9055-1 - Giraffe",technic,Gear Parts,Cardboard/Paper
dupupn0145pr0003,"Activity Card, For Set 9055-1 - Horse",technic,Gear Parts,Cardboard/Paper
dupupn0145pr0004,"Activity Card, For Set 9055-1 - Cat",technic,Gear Parts,Cardboard/Paper
dupupn0146,"Duplo Mattress with Train, Car, House, and Boat Print",bricks,"Duplo, Quatro and Primo",Cloth
dupupn0147,"Playmat, Duplo, Grass, Fire, and Road Print",special,Non-System Parts,Cardboard/Paper
dupupn0148,"Duplo Playmat, Animal Puzzle",bricks,"Duplo, Quatro and Primo",Plastic
dupupn0151,"Playmat, CARGO CONNECT Discover",special,Non-System Parts,Cardboard/Paper
dupupn0152,Duplo Curtain,bricks,"Duplo, Quatro and Primo",Cloth
dupupn0162,"Playmat, Duplo, Checkers Game Board",special,Non-System Parts,Cardboard/Paper
dupupn0181,Duplo Door Frame 2 x 4 x 3 for Half Door,bricks,"Duplo, Quatro and Primo",Plastic
