partNumber,color,imageUrl
fabupn0026,4,https://cdn.rebrickable.com/media/parts/ldraw/4/u686.png
fabupn0041,14,https://cdn.rebrickable.com/media/parts/ldraw/14/u9204c01.png
fabupn0041,15,https://cdn.rebrickable.com/media/parts/ldraw/15/u9204c01.png
fabfig0018c06pr0001,15,https://cdn.rebrickable.com/media/parts/ldraw/15/u9147p03c02.png
fabupn0004c01,14,https://cdn.rebrickable.com/media/parts/ldraw/14/u9310c08.png
fabfig0009c01pr0001,14,https://cdn.rebrickable.com/media/parts/ldraw/14/u588p01c05.png
fabupn0004c02,1,https://cdn.rebrickable.com/media/parts/ldraw/1/u9310c06.png
fabupn0030,14,https://cdn.rebrickable.com/media/parts/ldraw/14/3998a.png
fabupn0038,1,https://cdn.rebrickable.com/media/parts/ldraw/1/u608.png
fabupn0007,14,https://cdn.rebrickable.com/media/parts/ldraw/14/4206.png
fabfig0001c08pr0002,15,https://cdn.rebrickable.com/media/parts/ldraw/15/u9107p05c03.png
fabupn0022,4,https://cdn.rebrickable.com/media/parts/ldraw/4/u9165.png
fabupn0018,15,https://cdn.rebrickable.com/media/parts/photos/15/fabeg2-15-5d6ef840-b2cb-4a95-a391-6f808b7c50ed.jpg
fabfig0018c05pr0001,15,https://cdn.rebrickable.com/media/parts/ldraw/15/u9147p01c06.png
fabfig0016c08pr0001,15,https://cdn.rebrickable.com/media/parts/ldraw/15/u595p01c09.png
fabfig0004c03pr0001,15,https://cdn.rebrickable.com/media/parts/ldraw/15/u9108p01c03.png
fabfig0017c03pr0001,0,https://cdn.rebrickable.com/media/parts/ldraw/0/u9105p01c02.png
fabfig0017c02pr0001,1,https://cdn.rebrickable.com/media/parts/ldraw/1/u9105p01c03.png
fabupn0040pr0001,1,https://cdn.rebrickable.com/media/parts/photos/1/fabupn0040pr0001-1-cd2be63f-27cf-4886-a233-9aaf833efc71.jpg
fabfig0016c07pr0001,14,https://cdn.rebrickable.com/media/parts/ldraw/14/u595p01c04.png
fabfig0012c01pr0002,14,https://cdn.rebrickable.com/media/parts/ldraw/14/u9109p02c02.png
fabfig0020c02pr0001,1,https://cdn.rebrickable.com/media/parts/ldraw/1/u9151p01c04.png
fabupn0039,1,https://cdn.rebrickable.com/media/parts/ldraw/1/u609.png
fabfig0022,0,https://cdn.rebrickable.com/media/parts/photos/0/fabfig0002-0-e4a5abb2-a71f-4789-b412-aaa57d4989bb.jpg
fabupn0027,366,https://cdn.rebrickable.com/media/parts/ldraw/366/u606.png
fabupn0011,14,https://cdn.rebrickable.com/media/parts/ldraw/14/u9371.png
fabfig0007c03pr0001,4,https://cdn.rebrickable.com/media/parts/ldraw/4/u586p02c04.png
fabfig0020c01pr0001,4,https://cdn.rebrickable.com/media/parts/ldraw/4/u9151p01c03.png
fabupn0010c01,450,https://cdn.rebrickable.com/media/parts/ldraw/450/u9155c01.png
fabupn0005c04,4,https://cdn.rebrickable.com/media/parts/ldraw/4/u9310c04.png
fabupn0024,15,https://cdn.rebrickable.com/media/parts/ldraw/15/u669.png
fabfig0002c03pr0001,4,https://cdn.rebrickable.com/media/parts/ldraw/4/u9142p01c08.png
fabupn0039,14,https://cdn.rebrickable.com/media/parts/ldraw/14/u609.png
fabupn0008,14,https://cdn.rebrickable.com/media/parts/ldraw/14/u9215.png
fabfig0001c04pr0001,0,https://cdn.rebrickable.com/media/parts/ldraw/0/u9107p03c02.png
fabfig0017c05pr0001,1,https://cdn.rebrickable.com/media/parts/ldraw/1/u9105p01c05.png
fabfig0017c04pr0001,14,https://cdn.rebrickable.com/media/parts/ldraw/14/u9105p03c02.png
fabupn0030,4,https://cdn.rebrickable.com/media/parts/ldraw/4/3998a.png
fabupn0032,4,https://cdn.rebrickable.com/media/parts/ldraw/4/4468.png
fabfig0013c04pr0001,0,https://cdn.rebrickable.com/media/parts/ldraw/0/u592p01c02.png
fabfig0020c02pr0002,1,https://cdn.rebrickable.com/media/parts/ldraw/1/u9151p02c03.png
fabfig0013c01pr0001,14,https://cdn.rebrickable.com/media/parts/ldraw/14/u592p01c03.png
fabfig0016c01pr0001,15,https://cdn.rebrickable.com/media/parts/ldraw/15/u595p02c04.png
fabupn0033,4,https://cdn.rebrickable.com/media/parts/ldraw/4/4469.png
fabupn0042,14,https://cdn.rebrickable.com/media/parts/ldraw/14/u9206c01.png
fabfig0017c01pr0002,4,https://cdn.rebrickable.com/media/parts/ldraw/4/u9105p02c02.png
fabupn0011,15,https://cdn.rebrickable.com/media/parts/ldraw/15/u9371.png
fabfig0010c02pr0001,4,https://cdn.rebrickable.com/media/parts/ldraw/4/u589p02c03.png
fabfig0002c02pr0001,1,https://cdn.rebrickable.com/media/parts/ldraw/1/u9142p01c04.png
fabfig0002c07pr0002,4,https://cdn.rebrickable.com/media/parts/ldraw/4/u9142p03c04.png
fabupn0004c03,4,https://cdn.rebrickable.com/media/parts/ldraw/4/u9310c05.png
fabupn0015,0,https://cdn.rebrickable.com/media/parts/ldraw/0/4439.png
fabupn0041,1,https://cdn.rebrickable.com/media/parts/ldraw/1/u9204c01.png
fabfig0009c03pr0002,4,https://cdn.rebrickable.com/media/parts/ldraw/4/u588p02c03.png
fabfig0004c01pr0001,4,https://cdn.rebrickable.com/media/parts/ldraw/4/u9108p02c02.png
fabupn0005c02,14,https://cdn.rebrickable.com/media/parts/ldraw/14/u9310c02.png
fabfig0017c01pr0001,4,https://cdn.rebrickable.com/media/parts/ldraw/4/u9105p01c06.png
fabfig0016c04pr0001,2,https://cdn.rebrickable.com/media/parts/ldraw/2/u595p01c06.png
fabfig0019c01pr0002,4,https://cdn.rebrickable.com/media/parts/ldraw/4/u600p02c02.png
fabupn0004c02,4,https://cdn.rebrickable.com/media/parts/ldraw/4/u9310c06.png
fabfig0002c01pr0001,1,https://cdn.rebrickable.com/media/parts/ldraw/1/u9142p02c03.png
fabfig0009c02pr0001,1,https://cdn.rebrickable.com/media/parts/ldraw/1/u588p01c03.png
fabfig0016c09pr0001,15,https://cdn.rebrickable.com/media/parts/ldraw/15/u595p01c10.png
fabfig0003c01pr0001,14,https://cdn.rebrickable.com/media/parts/ldraw/14/u9106p01c02.png
fabfig0018c02pr0001,0,https://cdn.rebrickable.com/media/parts/ldraw/0/u9147p01c03.png
fabfig0015c02pr0001,0,https://cdn.rebrickable.com/media/parts/ldraw/0/u9150p02c04.png
fabfig0018c04pr0001,14,https://cdn.rebrickable.com/media/parts/ldraw/14/u9147p02c02.png
fabfig0003c03pr0002,15,https://cdn.rebrickable.com/media/parts/ldraw/15/u9106p03c02.png
fabfig0002c09pr0001,1,https://cdn.rebrickable.com/media/parts/ldraw/1/u9142p01c06.png
fabupn0042,1,https://cdn.rebrickable.com/media/parts/ldraw/1/u9206c01.png
fabfig0006c01pr0002,0,https://cdn.rebrickable.com/media/parts/ldraw/0/u9153p02c02.png
fabfig0001c06pr0001,15,https://cdn.rebrickable.com/media/parts/ldraw/15/u9107p02c02.png
fabfig0014c03pr0001,14,https://cdn.rebrickable.com/media/parts/ldraw/14/u9140p01c04.png
fabupn0009,14,https://cdn.rebrickable.com/media/parts/photos/14/fabupn0009-14-f5535bdb-c912-4c8e-8825-0decb79e646a.jpg
fabupn0023,4,https://cdn.rebrickable.com/media/parts/ldraw/4/u9166.png
fabfig0009c03pr0001,4,https://cdn.rebrickable.com/media/parts/ldraw/4/u588p01c04.png
fabupn0038,4,https://cdn.rebrickable.com/media/parts/ldraw/4/u608.png
fabupn0019,14,https://cdn.rebrickable.com/media/parts/photos/14/fabeg3-14-a178f09b-c39e-410c-8da4-9a8a742dd9d1.jpg
fabfig0001c07pr0001,0,https://cdn.rebrickable.com/media/parts/ldraw/0/u9107p04c02.png
fabupn0038,0,https://cdn.rebrickable.com/media/parts/ldraw/0/u608.png
fabfig0013c03pr0001,15,https://cdn.rebrickable.com/media/parts/ldraw/15/u592p02c02.png
fabupn0012,14,https://cdn.rebrickable.com/media/parts/ldraw/14/u9164.png
fabfig0007c02pr0001,0,https://cdn.rebrickable.com/media/parts/ldraw/0/u586p01c03.png
fabfig0005c01pr0001,1,https://cdn.rebrickable.com/media/parts/ldraw/1/u9141p01c02.png
fabfig0008c01pr0001,15,https://cdn.rebrickable.com/media/parts/ldraw/15/u587p01c02.png
fabfig0001c02pr0001,4,https://cdn.rebrickable.com/media/parts/ldraw/4/u9107p01c03.png
fabfig0001c08pr0001,15,https://cdn.rebrickable.com/media/parts/ldraw/15/u9107p04c03.png
fabupn0021,4,https://cdn.rebrickable.com/media/parts/ldraw/4/u9143.png
fabupn0041,4,https://cdn.rebrickable.com/media/parts/ldraw/4/u9204c01.png
fabfig0015c01pr0002,0,https://cdn.rebrickable.com/media/parts/ldraw/0/u9150p02c03.png
fabfig0001c03pr0001,15,https://cdn.rebrickable.com/media/parts/ldraw/15/u9107p03c03.png
fabfig0007c01pr0002,0,https://cdn.rebrickable.com/media/parts/ldraw/0/u586p03c03.png
fabfig0011c02pr0001,1,https://cdn.rebrickable.com/media/parts/ldraw/1/u590p01c02.png
fabfig0009c01pr0002,14,https://cdn.rebrickable.com/media/parts/ldraw/14/u588p02c04.png
fabfig0003c02pr0001,4,https://cdn.rebrickable.com/media/parts/ldraw/4/u9106p01c03.png
fabupn0029,4,https://cdn.rebrickable.com/media/parts/ldraw/4/u9212.png
fabupn0038,14,https://cdn.rebrickable.com/media/parts/ldraw/14/u608.png
fabupn0005c03,1,https://cdn.rebrickable.com/media/parts/ldraw/1/u9310c03.png
fabfig0003c03pr0001,15,https://cdn.rebrickable.com/media/parts/ldraw/15/u9106p02c02.png
fabfig0002c10pr0002,1,https://cdn.rebrickable.com/media/parts/ldraw/1/u9142p04c03.png
fabfig0007c04pr0001,4,https://cdn.rebrickable.com/media/parts/ldraw/4/u586p02c03.png
fabfig0023,9999,https://cdn.rebrickable.com/media/parts/photos/9999/fabfig0023-9999-e2e23de0-dff1-478b-959c-43e225e72b57.jpg
fabfig0007c01pr0001,0,https://cdn.rebrickable.com/media/parts/ldraw/0/u586p01c04.png
fabfig0017c04pr0002,14,https://cdn.rebrickable.com/media/parts/ldraw/14/u9105p04c02.png
fabfig0002c06pr0001,4,https://cdn.rebrickable.com/media/parts/ldraw/4/u9142p03c03.png
fabfig0001c05pr0001,4,https://cdn.rebrickable.com/media/parts/ldraw/4/u9107p05c02.png
fabupn0031,4,https://cdn.rebrickable.com/media/parts/ldraw/4/u9205c01.png
fabfig0018c07pr0001,4,https://cdn.rebrickable.com/media/parts/ldraw/4/u9147p01c05.png
fabfig0014c01pr0001,1,https://cdn.rebrickable.com/media/parts/ldraw/1/u9140p01c03.png
fabupn0005c01,14,https://cdn.rebrickable.com/media/parts/ldraw/14/u9310c01.png
fabfig0015c01pr0001,0,https://cdn.rebrickable.com/media/parts/ldraw/0/u9150p01c02.png
fabupn0011,4,https://cdn.rebrickable.com/media/parts/ldraw/4/u9371.png
fabfig0018c01pr0001,1,https://cdn.rebrickable.com/media/parts/ldraw/1/u9147p01c02.png
fabfig0001c05pr0002,4,https://cdn.rebrickable.com/media/parts/ldraw/4/u9107p06c02.png
fabfig0010c01pr0001,0,https://cdn.rebrickable.com/media/parts/ldraw/0/u589p01c02.png
fabfig0016c06pr0001,15,https://cdn.rebrickable.com/media/parts/ldraw/15/u595p01c08.png
fabupn0039,4,https://cdn.rebrickable.com/media/parts/ldraw/4/u609.png
fabupn0043,14,https://cdn.rebrickable.com/media/parts/photos/14/x617-14-22c91dc4-464b-492b-a9ff-a0b0519a6d8e.jpg
fabupn0033,14,https://cdn.rebrickable.com/media/parts/ldraw/14/4469.png
fabupn0007,0,https://cdn.rebrickable.com/media/parts/ldraw/0/4206.png
fabfig0012c01pr0001,14,https://cdn.rebrickable.com/media/parts/ldraw/14/u9109p01c02.png
fabfig0001c01pr0001,1,https://cdn.rebrickable.com/media/parts/ldraw/1/u9107p01c02.png
fabfig0004c02pr0001,1,https://cdn.rebrickable.com/media/parts/ldraw/1/u9108p01c02.png
fabupn0024,366,https://cdn.rebrickable.com/media/parts/ldraw/366/u669.png
fabfig0016c03pr0001,1,https://cdn.rebrickable.com/media/parts/ldraw/1/u595p01c05.png
fabupn0003c02,4,https://cdn.rebrickable.com/media/parts/ldraw/4/3890c07.png
fabfig0021,9999,https://cdn.rebrickable.com/media/parts/photos/9999/fabfig0001-9999-4d3c45e4-0838-44b8-805e-df2f8a9d1904.jpg
fabupn0011pr0003,14,https://cdn.rebrickable.com/media/parts/ldraw/14/u9371p01.png
fabfig0016c05pr0001,4,https://cdn.rebrickable.com/media/parts/ldraw/4/u595p01c07.png
fabupn0034,14,https://cdn.rebrickable.com/media/parts/ldraw/14/u9160.png
fabupn0011,1,https://cdn.rebrickable.com/media/parts/ldraw/1/u9371.png
fabfig0002c07pr0001,4,https://cdn.rebrickable.com/media/parts/ldraw/4/u9142p01c11.png
fabfig0016c02pr0001,15,https://cdn.rebrickable.com/media/parts/ldraw/15/u595p02c05.png
fabfig0018c03pr0001,4,https://cdn.rebrickable.com/media/parts/ldraw/4/u9147p01c04.png
fabupn0001c01,4,https://cdn.rebrickable.com/media/parts/photos/4/fabupn0001c01-4-ddebfd63-34b6-4133-aa0f-c159cd35a3c2.jpg
fabupn0020,1,https://cdn.rebrickable.com/media/parts/ldraw/1/u9154.png
fabupn0003c01,14,https://cdn.rebrickable.com/media/parts/ldraw/14/3890c06.png
fabupn0022,2,https://cdn.rebrickable.com/media/parts/ldraw/2/u9165.png
fabupn0017,15,https://cdn.rebrickable.com/media/parts/photos/15/fabupn0017-15-743d9019-223a-48d9-98d6-bef94ff314b9.jpg
fabfig0004c03pr0002,15,https://cdn.rebrickable.com/media/parts/ldraw/15/u9108p03c02.png
fabupn0025,366,https://cdn.rebrickable.com/media/parts/ldraw/366/u9412.png
fabfig0014c02pr0001,2,https://cdn.rebrickable.com/media/parts/ldraw/2/u9140p01c02.png
fabfig0014c03pr0002,14,https://cdn.rebrickable.com/media/parts/ldraw/14/u9140p02c02.png
fabfig0019c01pr0001,4,https://cdn.rebrickable.com/media/parts/ldraw/4/u600p01c02.png
fabupn0023,2,https://cdn.rebrickable.com/media/parts/ldraw/2/u9166.png
fabupn0020,0,https://cdn.rebrickable.com/media/parts/ldraw/0/u9154.png
fabupn0039,0,https://cdn.rebrickable.com/media/parts/ldraw/0/u609.png
fabupn0008,4,https://cdn.rebrickable.com/media/parts/ldraw/4/u9215.png
fabupn0016,7,https://cdn.rebrickable.com/media/parts/ldraw/7/4437.png
fabfig0011c01pr0001,15,https://cdn.rebrickable.com/media/parts/ldraw/15/u590p02c02.png
fabfig0013c02pr0001,1,https://cdn.rebrickable.com/media/parts/ldraw/1/u592p01c04.png
fabfig0024,9999,https://cdn.rebrickable.com/media/parts/photos/9999/fabfig0004-9999-a2a65976-cae2-4233-bc0d-bdf35cc45446.jpg
fabfig0006c01pr0001,0,https://cdn.rebrickable.com/media/parts/ldraw/0/u9153p01c02.png
fabupn0009,4,https://cdn.rebrickable.com/media/parts/photos/4/fabad3-4-4e10af75-8964-436a-a115-795a2d96e7d1.jpg
fig0006,9999,https://cdn.rebrickable.com/media/parts/photos/9999/fig0006-9999-fa8d4c0e-3d79-41fc-b434-d8e0a82a5102.jpg
fig0010,9999,https://cdn.rebrickable.com/media/parts/photos/9999/fig0010-9999-2e41a35e-e93f-4c6a-b677-0c3e6ac7dcca.jpg
fig0007,9999,https://cdn.rebrickable.com/media/parts/photos/9999/fig0007-9999-4cc6dfcc-0df6-4c4c-87b0-475359fac332.jpg
fig0001,9999,https://cdn.rebrickable.com/media/parts/photos/9999/bfp001-9999-0979dd9a-897b-4ab2-b04f-ea5bf942f05a.jpg
fig0002,9999,https://cdn.rebrickable.com/media/parts/photos/9999/bfp002-9999-6e0fe920-3fd6-45ba-9862-52bcf38293b9.jpg
fig0009,9999,https://cdn.rebrickable.com/media/parts/photos/9999/fig0009-9999-758bb8c3-93a6-44fa-b941-a195a4aad05f.jpg
fig0004,0,https://cdn.rebrickable.com/media/parts/photos/9999/sw117-9999-d874962d-d7cf-4e75-8b6f-437dd9b5f05a.jpg
fig0005,9999,https://cdn.rebrickable.com/media/parts/photos/9999/fig0005-9999-9356011c-ffb5-4463-a396-ec41f3f9d5dc.jpg
fig0008,9999,https://cdn.rebrickable.com/media/parts/photos/9999/fig0008-9999-2264cad2-2f1a-4478-a8e6-f3320c0e7270.jpg
flex08c14,7,https://cdn.rebrickable.com/media/parts/photos/7/flex08c14l-7-d4fa9afc-073f-4af4-a36b-3e1e22658e71.jpg
flex08c12,503,https://cdn.rebrickable.com/media/parts/photos/503/flex08c95-503-a6f367d2-cfe3-4dc8-9c5d-c0f039a4204c.jpg
flex08c05,7,https://cdn.rebrickable.com/media/parts/photos/7/flex08c05l-7-7b116e8f-87f7-4d37-a103-051e8e1d6079.jpg
flex08c20,6,https://cdn.rebrickable.com/media/parts/photos/6/flex08c157.5-6-ad39dead-f295-4896-bb9e-0a07808771a1.jpg
flex08c10,7,https://cdn.rebrickable.com/media/parts/photos/7/flex08c10-7-2cd99e40-a0f7-4f46-b617-490607c41ec0.jpg
flex08c13,7,https://cdn.rebrickable.com/media/parts/photos/7/flex08c13l-7-2ad6d0af-f2f6-4c4a-a3a8-59f3daaba84b.jpg
flex08c20,7,https://cdn.rebrickable.com/media/parts/photos/7/flex08c20l-7-9c6b407a-c47c-4bef-ba07-c1f56e13ae37.jpg
flex08c06,7,https://cdn.rebrickable.com/media/parts/photos/7/flex08c06l-7-815430a6-dd1f-42d0-a3a0-fb42a12635b1.jpg
flex08c11,7,https://cdn.rebrickable.com/media/parts/photos/7/flex08c11l-7-9e07a380-3ee3-4d64-a7b5-481bbdfd4342.jpg
flex08c18,7,https://cdn.rebrickable.com/media/parts/photos/7/flex08c18l-7-da133e50-3b25-486d-81de-accceea30051.jpg
flex08c23,7,https://cdn.rebrickable.com/media/parts/photos/7/flex08c23l-7-6e1ec874-8f2d-47e3-9d8e-2337894c550e.jpg
flex08c05,79,https://cdn.rebrickable.com/media/parts/photos/7/flex08c05l-7-7b116e8f-87f7-4d37-a103-051e8e1d6079.jpg
flex08c19,7,https://cdn.rebrickable.com/media/parts/photos/7/flex08c19l-7-4bafdf5b-91f8-4af0-b87c-48f8bd9f15f0.jpg
flex08c04,7,https://cdn.rebrickable.com/media/parts/ldraw/7/342c01.png
flex08c09,7,https://cdn.rebrickable.com/media/parts/photos/7/flex08c09l-7-bd4766fc-d192-4d0e-a52b-0b8138f76d80.jpg
flex08c12,7,https://cdn.rebrickable.com/media/parts/photos/7/flex08c12l-7-4318115e-e576-4298-8a94-3d06eea3f64a.jpg
flex08c16,7,https://cdn.rebrickable.com/media/parts/photos/7/flex08c16l-7-b1126dc4-a4d5-4243-a0e7-41951add3d8f.jpg
flex08c07,7,https://cdn.rebrickable.com/media/parts/photos/7/flex08c07l-7-0b6b94c2-a14d-4a85-a338-407ddfc099c4.jpg
flex08c15,7,https://cdn.rebrickable.com/media/parts/photos/7/flex08c15l-7-5e579db2-5f1f-4b4a-a2de-a57059bdbe32.jpg
